{"mean":{"confidence_interval":{"confidence_level":0.95,"lower_bound":58798407.14095242,"upper_bound":59265924.037619054},"point_estimate":59019820.99809525,"standard_error":120474.96951770002},"median":{"confidence_interval":{"confidence_level":0.95,"lower_bound":58613225.97619048,"upper_bound":59039622.23809524},"point_estimate":58743155.28571428,"standard_error":113236.33991709808},"median_abs_dev":{"confidence_interval":{"confidence_level":0.95,"lower_bound":696093.6427418685,"upper_bound":1230396.97485609},"point_estimate":938747.2857339036,"standard_error":133214.31312181547},"slope":null,"std_dev":{"confidence_interval":{"confidence_level":0.95,"lower_bound":865167.16210705,"upper_bound":1539913.5658514714},"point_estimate":1207689.838646527,"standard_error":174698.56545790905}}