{"mean":{"confidence_interval":{"confidence_level":0.95,"lower_bound":669397695.8366251,"upper_bound":673331772.700875},"point_estimate":671309544.89,"standard_error":1002245.939699214},"median":{"confidence_interval":{"confidence_level":0.95,"lower_bound":668285435.5,"upper_bound":671869298.75},"point_estimate":670198572.75,"standard_error":960281.0571047401},"median_abs_dev":{"confidence_interval":{"confidence_level":0.95,"lower_bound":7391391.715076566,"upper_bound":11423546.419949006},"point_estimate":9523506.505773962,"standard_error":1059190.6472957495},"slope":null,"std_dev":{"confidence_interval":{"confidence_level":0.95,"lower_bound":8191862.7554491535,"upper_bound":11814927.797721755},"point_estimate":10085227.424601661,"standard_error":925698.1351867121}}