{"mean":{"confidence_interval":{"confidence_level":0.95,"lower_bound":294757317.22540003,"upper_bound":296512251.9014002},"point_estimate":295653640.68600005,"standard_error":449304.8068261405},"median":{"confidence_interval":{"confidence_level":0.95,"lower_bound":294976085.0,"upper_bound":297218027.29999995},"point_estimate":296249075.5,"standard_error":583478.643126325},"median_abs_dev":{"confidence_interval":{"confidence_level":0.95,"lower_bound":3333095.4182856744,"upper_bound":5572306.930031812},"point_estimate":4845412.181056712,"standard_error":576908.8977133158},"slope":null,"std_dev":{"confidence_interval":{"confidence_level":0.95,"lower_bound":3738074.397510458,"upper_bound":5324959.310403792},"point_estimate":4518761.384201192,"standard_error":408681.2873258}}