{"mean":{"confidence_interval":{"confidence_level":0.95,"lower_bound":1102066273.2840002,"upper_bound":1109393289.3408751},"point_estimate":1105573858.1,"standard_error":1874242.0990343883},"median":{"confidence_interval":{"confidence_level":0.95,"lower_bound":1101119957.5,"upper_bound":1105823001.25},"point_estimate":1103385674.0,"standard_error":1229976.4992447498},"median_abs_dev":{"confidence_interval":{"confidence_level":0.95,"lower_bound":7301304.863525927,"upper_bound":13576902.587261796},"point_estimate":10097747.127579153,"standard_error":1611954.496486032},"slope":null,"std_dev":{"confidence_interval":{"confidence_level":0.95,"lower_bound":12846935.468783371,"upper_bound":25028829.68540539},"point_estimate":18831333.847687103,"standard_error":3204587.3969714474}}