{"mean":{"confidence_interval":{"confidence_level":0.95,"lower_bound":435973695.4845832,"upper_bound":438192504.9932499},"point_estimate":437087557.6766666,"standard_error":567540.8279286502},"median":{"confidence_interval":{"confidence_level":0.95,"lower_bound":435838666.5,"upper_bound":438471160.1666666},"point_estimate":436918341.8333334,"standard_error":694225.8506253328},"median_abs_dev":{"confidence_interval":{"confidence_level":0.95,"lower_bound":3892168.6470002085,"upper_bound":6167533.112004384},"point_estimate":4828803.651371687,"standard_error":591045.2637278723},"slope":null,"std_dev":{"confidence_interval":{"confidence_level":0.95,"lower_bound":4856128.970736473,"upper_bound":6495187.7956598075},"point_estimate":5721058.0802951045,"standard_error":418541.44824992085}}