{"mean":{"confidence_interval":{"confidence_level":0.95,"lower_bound":1932908913.87725,"upper_bound":1949702725.8860002},"point_estimate":1941903180.1,"standard_error":4279941.208082946},"median":{"confidence_interval":{"confidence_level":0.95,"lower_bound":1942524646.0,"upper_bound":1955604025.0},"point_estimate":1949149937.5,"standard_error":3202082.1463924134},"median_abs_dev":{"confidence_interval":{"confidence_level":0.95,"lower_bound":16628770.139980316,"upper_bound":28139516.214823723},"point_estimate":21730887.389999628,"standard_error":3038631.255940874},"slope":null,"std_dev":{"confidence_interval":{"confidence_level":0.95,"lower_bound":27777725.992862426,"upper_bound":56083159.85323395},"point_estimate":43083520.05902013,"standard_error":7326419.580279073}}