{"mean":{"confidence_interval":{"confidence_level":0.95,"lower_bound":3415644606.891,"upper_bound":3438070181.97075},"point_estimate":3427137666.44,"standard_error":5724460.120541338},"median":{"confidence_interval":{"confidence_level":0.95,"lower_bound":3420915888.0,"upper_bound":3450740419.0},"point_estimate":3434251979.0,"standard_error":8587250.745854562},"median_abs_dev":{"confidence_interval":{"confidence_level":0.95,"lower_bound":40229678.66798043,"upper_bound":66560789.117109776},"point_estimate":51846367.63044298,"standard_error":6743127.8234653855},"slope":null,"std_dev":{"confidence_interval":{"confidence_level":0.95,"lower_bound":46019429.87767361,"upper_bound":67821701.14282484},"point_estimate":57515945.50830801,"standard_error":5602809.659290303}}